-- phpMyAdmin SQL Dump
-- version 5.2.1
-- https://www.phpmyadmin.net/
--
-- Host: 127.0.0.1
-- Generation Time: Sep 13, 2024 at 04:41 AM
-- Server version: 10.4.32-MariaDB
-- PHP Version: 8.0.30

SET SQL_MODE = "NO_AUTO_VALUE_ON_ZERO";
START TRANSACTION;
SET time_zone = "+00:00";


/*!40101 SET @OLD_CHARACTER_SET_CLIENT=@@CHARACTER_SET_CLIENT */;
/*!40101 SET @OLD_CHARACTER_SET_RESULTS=@@CHARACTER_SET_RESULTS */;
/*!40101 SET @OLD_COLLATION_CONNECTION=@@COLLATION_CONNECTION */;
/*!40101 SET NAMES utf8mb4 */;

--
-- Database: `khachsan`
--

-- --------------------------------------------------------

--
-- Table structure for table `admin_cred`
--

CREATE TABLE `admin_cred` (
  `sr_no` int(11) NOT NULL,
  `admin_name` varchar(150) NOT NULL,
  `admin_pass` varchar(150) NOT NULL
) ENGINE=InnoDB DEFAULT CHARSET=utf8mb4 COLLATE=utf8mb4_general_ci;

--
-- Dumping data for table `admin_cred`
--

INSERT INTO `admin_cred` (`sr_no`, `admin_name`, `admin_pass`) VALUES
(2, 'admin', '1');

-- --------------------------------------------------------

--
-- Table structure for table `booking_details`
--

CREATE TABLE `booking_details` (
  `sr_no` int(11) NOT NULL,
  `booking_id` int(11) DEFAULT NULL,
  `room_name` varchar(100) DEFAULT NULL,
  `price` int(11) DEFAULT NULL,
  `total_pay` int(11) DEFAULT NULL,
  `room_no` varchar(100) DEFAULT NULL,
  `user_name` varchar(100) DEFAULT NULL,
  `phonenum` varchar(100) DEFAULT NULL,
  `address` varchar(150) DEFAULT NULL
) ENGINE=InnoDB DEFAULT CHARSET=utf8mb4 COLLATE=utf8mb4_general_ci;

--
-- Dumping data for table `booking_details`
--

INSERT INTO `booking_details` (`sr_no`, `booking_id`, `room_name`, `price`, `total_pay`, `room_no`, `user_name`, `phonenum`, `address`) VALUES
(108, 109, 'Phòng Bình Dân', 800000, 800000, NULL, 'Huy Hảo', '0387301927', '12 - Tô Ký - Q12'),
(109, 110, 'Phòng VIP 1', 1000000, 1000000, NULL, 'Tuấn An', '0941400924', '59 - QL13 - Bình Thạnh'),
(110, 111, 'Phòng Vip 2', 1200000, 1200000, NULL, 'Hoàng Phong', '0370727659', '12 - Tô Ký - Q12');

-- --------------------------------------------------------

--
-- Table structure for table `booking_order`
--

CREATE TABLE `booking_order` (
  `booking_id` int(11) NOT NULL,
  `user_id` int(11) DEFAULT NULL,
  `room_id` int(11) DEFAULT NULL,
  `check_in` date DEFAULT NULL,
  `check_out` date DEFAULT NULL,
  `arrival` int(11) DEFAULT 0,
  `refund` int(11) DEFAULT NULL,
  `booking_status` varchar(100) DEFAULT 'Đã Đặt',
  `order_id` varchar(150) DEFAULT NULL,
  `trans_id` varchar(200) DEFAULT NULL,
  `trans_amt` int(11) DEFAULT NULL,
  `trans_status` varchar(100) DEFAULT 'Đã Đặt',
  `trans_resp_msg` varchar(200) DEFAULT NULL,
  `rate_review` int(11) DEFAULT NULL,
  `datentime` datetime DEFAULT current_timestamp()
) ENGINE=InnoDB DEFAULT CHARSET=utf8mb4 COLLATE=utf8mb4_general_ci;

--
-- Dumping data for table `booking_order`
--

INSERT INTO `booking_order` (`booking_id`, `user_id`, `room_id`, `check_in`, `check_out`, `arrival`, `refund`, `booking_status`, `order_id`, `trans_id`, `trans_amt`, `trans_status`, `trans_resp_msg`, `rate_review`, `datentime`) VALUES
(109, 11, 3, '2024-09-13', '2024-09-14', 1, NULL, 'Đã Thanh Toán', 'ORD_115752205', NULL, 800000, 'TXN_SUCCESS', NULL, 1, '2024-09-13 09:33:59'),
(110, 9, 4, '2024-09-13', '2024-09-14', 1, NULL, 'Đã Thanh Toán', 'ORD_96476579', NULL, 1000000, 'TXN_SUCCESS', NULL, 1, '2024-09-13 09:35:04'),
(111, 10, 5, '2024-09-13', '2024-09-14', 1, NULL, 'Đã Thanh Toán', 'ORD_106750955', NULL, 1200000, 'TXN_SUCCESS', NULL, 1, '2024-09-13 09:35:56');

-- --------------------------------------------------------

--
-- Table structure for table `carousel`
--

CREATE TABLE `carousel` (
  `sr_no` int(11) NOT NULL,
  `image` varchar(150) NOT NULL
) ENGINE=InnoDB DEFAULT CHARSET=utf8mb4 COLLATE=utf8mb4_general_ci;

--
-- Dumping data for table `carousel`
--

INSERT INTO `carousel` (`sr_no`, `image`) VALUES
(4, 'IMG_62045.png'),
(5, 'IMG_93127.png'),
(6, 'IMG_99736.png'),
(8, 'IMG_40905.png'),
(9, 'IMG_55677.png');

-- --------------------------------------------------------

--
-- Table structure for table `contact_details`
--

CREATE TABLE `contact_details` (
  `sr_no` int(11) NOT NULL,
  `address` varchar(50) NOT NULL,
  `gmap` varchar(100) NOT NULL,
  `pn1` bigint(20) NOT NULL,
  `pn2` bigint(20) NOT NULL,
  `email` varchar(100) NOT NULL,
  `fb` varchar(100) NOT NULL,
  `insta` varchar(100) NOT NULL,
  `tw` varchar(100) NOT NULL,
  `iframe` varchar(300) NOT NULL
) ENGINE=InnoDB DEFAULT CHARSET=utf8mb4 COLLATE=utf8mb4_general_ci;

--
-- Dumping data for table `contact_details`
--

INSERT INTO `contact_details` (`sr_no`, `address`, `gmap`, `pn1`, `pn2`, `email`, `fb`, `insta`, `tw`, `iframe`) VALUES
(1, 'Điện Biên Phủ-Phường 22-Bình Thạnh', 'https://maps.app.goo.gl/EYewTJWci6ntL3zLA', 84370727659, 84387301927, '2251120310@ut.edu.vn', 'https://www.facebook.com/', 'https://www.instagram.com/', 'https://www.twitter.com/', 'https://www.google.com/maps/embed?pb=!1m18!1m12!1m3!1d3919.209954704619!2d106.7218884!3d10.795225499999999!2m3!1f0!2f0!3f0!3m2!1i1024!2i768!4f13.1!3m3!1m2!1s0x317529df2b91991f%3A0xf6f9c919a956aed0!2sVinpearl%20Landmark%2081%2C%20Autograph%20Collection!5e0!3m2!1svi!2s!4v1725924150693!5m2!1svi!2s');

-- --------------------------------------------------------

--
-- Table structure for table `facilities`
--

CREATE TABLE `facilities` (
  `id` int(11) NOT NULL,
  `icon` varchar(100) NOT NULL,
  `name` varchar(50) NOT NULL,
  `description` varchar(250) NOT NULL
) ENGINE=InnoDB DEFAULT CHARSET=utf8mb4 COLLATE=utf8mb4_general_ci;

--
-- Dumping data for table `facilities`
--

INSERT INTO `facilities` (`id`, `icon`, `name`, `description`) VALUES
(13, 'IMG_43553.svg', 'Wifi', 'Wifi trong khách sạn cho phép khách hàng kết nối internet không dây tốc độ cao, có thể truy cập vào các trang web yêu thích của họ, xem phim, nghe nhạc, tải xuống các tài liệu, và liên lạc với người thân và bạn bè. '),
(14, 'IMG_49949.svg', 'Điều Hoà', ' Khách hàng có thể dễ dàng điều chỉnh nhiệt độ và các tính năng khác trên điều hòa để đáp ứng các nhu cầu của họ và tạo ra một không gian nghỉ ngơi lý tưởng.'),
(15, 'IMG_41622.svg', 'Tivi', 'TV cung cấp cho khách hàng nhiều kênh truyền hình đa dạng và phong phú, bao gồm cả các kênh quốc tế và địa phương, các kênh phim, chương trình giải trí, tin tức, thể thao và giáo dục'),
(17, 'IMG_47816.svg', 'Spa', 'Tại spa, khách hàng có thể trải nghiệm các liệu pháp chăm sóc da, tắm thủy lực, massage và nhiều dịch vụ khác.'),
(18, 'IMG_96423.svg', 'Máy Sưởi', 'Máy sưởi phòng được thiết kế để giữ cho phòng ấm áp và thoải mái trong suốt mùa đông.'),
(19, 'IMG_27079.svg', 'Nóng Lạnh', 'Được trang bị các tính năng và thiết bị hiện đại như màn hình LCD hiển thị nhiệt độ, điều khiển từ xa, cảm biến nhiệt độ và chức năng tự động điều chỉnh nhiệt độ nước.');

-- --------------------------------------------------------

--
-- Table structure for table `features`
--

CREATE TABLE `features` (
  `id` int(11) NOT NULL,
  `name` varchar(50) NOT NULL
) ENGINE=InnoDB DEFAULT CHARSET=utf8mb4 COLLATE=utf8mb4_general_ci;

--
-- Dumping data for table `features`
--

INSERT INTO `features` (`id`, `name`) VALUES
(18, 'Phòng Ngủ'),
(19, 'Ban Công'),
(20, 'Phòng Bếp'),
(21, 'Ghế sofa');

-- --------------------------------------------------------

--
-- Table structure for table `rating_review`
--

CREATE TABLE `rating_review` (
  `sr_no` int(11) NOT NULL,
  `booking_id` int(11) NOT NULL,
  `room_id` int(11) NOT NULL,
  `user_id` int(11) NOT NULL,
  `rating` int(11) NOT NULL,
  `review` varchar(200) NOT NULL,
  `seen` int(11) NOT NULL DEFAULT 0,
  `datentime` datetime NOT NULL DEFAULT current_timestamp()
) ENGINE=InnoDB DEFAULT CHARSET=utf8mb4 COLLATE=utf8mb4_general_ci;

--
-- Dumping data for table `rating_review`
--

INSERT INTO `rating_review` (`sr_no`, `booking_id`, `room_id`, `user_id`, `rating`, `review`, `seen`, `datentime`) VALUES
(15, 109, 3, 11, 5, 'Phòng view đẹp', 0, '2024-09-13 09:34:26'),
(16, 110, 4, 9, 5, 'Nhân viên nhiệt tình', 0, '2024-09-13 09:35:41'),
(17, 111, 5, 10, 5, 'Phòng cao cấp, mới', 0, '2024-09-13 09:36:27');

-- --------------------------------------------------------

--
-- Table structure for table `rooms`
--

CREATE TABLE `rooms` (
  `id` int(11) NOT NULL,
  `name` varchar(150) NOT NULL,
  `area` int(11) NOT NULL,
  `price` int(11) NOT NULL,
  `quantity` int(11) NOT NULL,
  `adult` int(11) NOT NULL,
  `children` int(11) NOT NULL,
  `description` varchar(350) NOT NULL,
  `status` tinyint(4) NOT NULL DEFAULT 1,
  `removed` int(11) NOT NULL DEFAULT 0
) ENGINE=InnoDB DEFAULT CHARSET=utf8mb4 COLLATE=utf8mb4_general_ci;

--
-- Dumping data for table `rooms`
--

INSERT INTO `rooms` (`id`, `name`, `area`, `price`, `quantity`, `adult`, `children`, `description`, `status`, `removed`) VALUES
(3, 'Phòng Bình Dân', 30, 800000, 1, 5, 3, 'Các tiện nghi trong phòng khách sạn bao gồm các ghế sofa và bàn, tivi màn hình phẳng, minibar, két sắt, điều hòa, máy sưởi, hệ thống chiếu sáng, tủ quần áo và giường ngủ thoải mái.', 1, 0),
(4, 'Phòng VIP 1', 40, 1000000, 1, 5, 5, 'Phòng sạch sẽ, view đẹp', 1, 0),
(5, 'Phòng Vip 2', 40, 1200000, 1, 8, 6, 'Các tiện nghi trong phòng khách sạn bao gồm các ghế sofa và bàn, tivi màn hình phẳng, minibar, két sắt, điều hòa, máy sưởi, hệ thống chiếu sáng, tủ quần áo và giường ngủ thoải mái.', 1, 0),
(6, 'Phòng Vip 3', 50, 1500000, 1, 9, 10, 'Các tiện nghi trong phòng khách sạn bao gồm các ghế sofa và bàn, tivi màn hình phẳng, minibar, két sắt, điều hòa, máy sưởi, hệ thống chiếu sáng, tủ quần áo và giường ngủ thoải mái.', 1, 0),
(7, 'Phòng Đơn', 20, 800000, 1, 2, 2, 'phòng rộng rãi', 1, 1),
(8, 'Phòng Đơn', 20, 500000, 1, 2, 2, 'rộng rãi thoáng mát', 1, 0);

-- --------------------------------------------------------

--
-- Table structure for table `room_facilities`
--

CREATE TABLE `room_facilities` (
  `sr_no` int(11) NOT NULL,
  `room_id` int(11) NOT NULL,
  `facilities_id` int(11) NOT NULL
) ENGINE=InnoDB DEFAULT CHARSET=utf8mb4 COLLATE=utf8mb4_general_ci;

--
-- Dumping data for table `room_facilities`
--

INSERT INTO `room_facilities` (`sr_no`, `room_id`, `facilities_id`) VALUES
(52, 4, 13),
(53, 4, 14),
(54, 4, 19),
(65, 3, 13),
(66, 3, 14),
(67, 3, 15),
(68, 5, 13),
(69, 5, 14),
(70, 5, 19),
(71, 6, 13),
(72, 6, 14),
(73, 6, 15),
(74, 6, 18),
(75, 6, 19),
(77, 8, 13);

-- --------------------------------------------------------

--
-- Table structure for table `room_features`
--

CREATE TABLE `room_features` (
  `sr_no` int(11) NOT NULL,
  `room_id` int(11) NOT NULL,
  `features_id` int(11) NOT NULL
) ENGINE=InnoDB DEFAULT CHARSET=utf8mb4 COLLATE=utf8mb4_general_ci;

--
-- Dumping data for table `room_features`
--

INSERT INTO `room_features` (`sr_no`, `room_id`, `features_id`) VALUES
(36, 4, 18),
(37, 4, 19),
(38, 4, 20),
(46, 3, 18),
(47, 3, 20),
(48, 5, 18),
(49, 5, 19),
(50, 5, 21),
(51, 6, 18),
(52, 6, 19),
(53, 6, 20),
(54, 6, 21),
(56, 8, 18);

-- --------------------------------------------------------

--
-- Table structure for table `room_images`
--

CREATE TABLE `room_images` (
  `sr_no` int(11) NOT NULL,
  `room_id` int(11) NOT NULL,
  `image` varchar(150) NOT NULL,
  `thumb` tinyint(4) NOT NULL DEFAULT 0
) ENGINE=InnoDB DEFAULT CHARSET=utf8mb4 COLLATE=utf8mb4_general_ci;

--
-- Dumping data for table `room_images`
--

INSERT INTO `room_images` (`sr_no`, `room_id`, `image`, `thumb`) VALUES
(26, 3, 'IMG_95263.png', 1),
(27, 3, 'IMG_67237.png', 0),
(28, 4, 'IMG_45742.png', 0),
(29, 4, 'IMG_25983.png', 1),
(30, 5, 'IMG_61875.png', 1),
(31, 5, 'IMG_48729.png', 0),
(32, 6, 'IMG_96889.png', 0),
(33, 6, 'IMG_82238.jpg', 1),
(34, 8, 'IMG_71497.png', 1);

-- --------------------------------------------------------

--
-- Table structure for table `settings`
--

CREATE TABLE `settings` (
  `sr_no` int(11) NOT NULL,
  `site_title` varchar(50) NOT NULL,
  `site_about` varchar(250) NOT NULL,
  `shutdown` tinyint(1) NOT NULL
) ENGINE=InnoDB DEFAULT CHARSET=utf8mb4 COLLATE=utf8mb4_general_ci;

--
-- Dumping data for table `settings`
--

INSERT INTO `settings` (`sr_no`, `site_title`, `site_about`, `shutdown`) VALUES
(1, 'Luxury Hotel', 'Khách sạn Luxury Hotel là một trong những khách sạn hàng đầu tại Việt Nam, được thiết kế theo phong cách hiện đại và đầy đủ tiện nghi, với hệ thống phòng nghỉ sang trọng, nhà hàng, quầy bar, trung tâm thể dục và spa. Khách sạn có hơn 50 tầng', 0);

-- --------------------------------------------------------

--
-- Table structure for table `team_details`
--

CREATE TABLE `team_details` (
  `sr_no` int(11) NOT NULL,
  `name` varchar(50) NOT NULL,
  `picture` varchar(150) NOT NULL
) ENGINE=InnoDB DEFAULT CHARSET=utf8mb4 COLLATE=utf8mb4_general_ci;

--
-- Dumping data for table `team_details`
--

INSERT INTO `team_details` (`sr_no`, `name`, `picture`) VALUES
(14, 'Lý Hồ Tuấn An-2251120266', 'IMG_29003.jpg'),
(15, 'Nguyễn Huy Hảo-2251120287', 'IMG_19933.jpg'),
(16, 'Lê Hoàng Phong-2251120310', 'IMG_93661.jpg');

-- --------------------------------------------------------

--
-- Table structure for table `user_cred`
--

CREATE TABLE `user_cred` (
  `id` int(11) NOT NULL,
  `name` varchar(100) NOT NULL,
  `email` varchar(150) NOT NULL,
  `address` varchar(120) NOT NULL,
  `phonenum` varchar(100) NOT NULL,
  `pincode` int(11) NOT NULL,
  `dob` date NOT NULL,
  `profile` varchar(100) NOT NULL,
  `password` varchar(200) NOT NULL,
  `is_verified` int(11) NOT NULL DEFAULT 0,
  `token` varchar(200) DEFAULT NULL,
  `t_expire` date DEFAULT NULL,
  `status` int(11) NOT NULL DEFAULT 1,
  `datentime` datetime NOT NULL DEFAULT current_timestamp()
) ENGINE=InnoDB DEFAULT CHARSET=utf8mb4 COLLATE=utf8mb4_general_ci;

--
-- Dumping data for table `user_cred`
--

INSERT INTO `user_cred` (`id`, `name`, `email`, `address`, `phonenum`, `pincode`, `dob`, `profile`, `password`, `is_verified`, `token`, `t_expire`, `status`, `datentime`) VALUES
(9, 'Tuấn An', '2251120266@ut.edu.vn', '59 - QL13 - Bình Thạnh', '0941400924', 700000, '2004-06-23', 'IMG_26096.jpg', '$2y$10$jJ1ecibawp8lN2t7MOIe5.R2yz49m0hwfUW2KPz3XF/DmwDphCAOC', 1, NULL, NULL, 1, '2024-09-04 14:32:35'),
(10, 'Hoàng Phong', '2251120310@ut.edu.vn', '12 - Tô Ký - Q12', '0370727659', 700000, '2004-08-17', 'hung.jpg', '$2y$10$VKXJmosMmMcIs4xd1vnEIOd1dc8vpdfP3DjJOcPFKfLoqiEZwT.om', 1, NULL, NULL, 1, '2024-09-07 14:58:38'),
(11, 'Huy Hảo', '2251120287@ut.edu.vn', '12 - Tô Ký - Q12', '0387301927', 700000, '2004-08-17', 'hao.jpg', '$2y$10$VKXJmosMmMcIs4xd1vnEIOd1dc8vpdfP3DjJOcPFKfLoqiEZwT.om', 1, NULL, NULL, 1, '2024-09-07 19:58:38');

-- --------------------------------------------------------

--
-- Table structure for table `user_queries`
--

CREATE TABLE `user_queries` (
  `sr_no` int(11) NOT NULL,
  `name` varchar(50) NOT NULL,
  `email` varchar(150) NOT NULL,
  `subject` varchar(200) NOT NULL,
  `message` varchar(500) NOT NULL,
  `datentime` datetime NOT NULL DEFAULT current_timestamp(),
  `seen` tinyint(4) NOT NULL DEFAULT 0
) ENGINE=InnoDB DEFAULT CHARSET=utf8mb4 COLLATE=utf8mb4_general_ci;

--
-- Indexes for dumped tables
--

--
-- Indexes for table `admin_cred`
--
ALTER TABLE `admin_cred`
  ADD PRIMARY KEY (`sr_no`);

--
-- Indexes for table `booking_details`
--
ALTER TABLE `booking_details`
  ADD PRIMARY KEY (`sr_no`);

--
-- Indexes for table `booking_order`
--
ALTER TABLE `booking_order`
  ADD PRIMARY KEY (`booking_id`);

--
-- Indexes for table `carousel`
--
ALTER TABLE `carousel`
  ADD PRIMARY KEY (`sr_no`);

--
-- Indexes for table `contact_details`
--
ALTER TABLE `contact_details`
  ADD PRIMARY KEY (`sr_no`);

--
-- Indexes for table `facilities`
--
ALTER TABLE `facilities`
  ADD PRIMARY KEY (`id`);

--
-- Indexes for table `features`
--
ALTER TABLE `features`
  ADD PRIMARY KEY (`id`);

--
-- Indexes for table `rating_review`
--
ALTER TABLE `rating_review`
  ADD PRIMARY KEY (`sr_no`);

--
-- Indexes for table `rooms`
--
ALTER TABLE `rooms`
  ADD PRIMARY KEY (`id`);

--
-- Indexes for table `room_facilities`
--
ALTER TABLE `room_facilities`
  ADD PRIMARY KEY (`sr_no`);

--
-- Indexes for table `room_features`
--
ALTER TABLE `room_features`
  ADD PRIMARY KEY (`sr_no`);

--
-- Indexes for table `room_images`
--
ALTER TABLE `room_images`
  ADD PRIMARY KEY (`sr_no`);

--
-- Indexes for table `settings`
--
ALTER TABLE `settings`
  ADD PRIMARY KEY (`sr_no`);

--
-- Indexes for table `team_details`
--
ALTER TABLE `team_details`
  ADD PRIMARY KEY (`sr_no`);

--
-- Indexes for table `user_cred`
--
ALTER TABLE `user_cred`
  ADD PRIMARY KEY (`id`);

--
-- Indexes for table `user_queries`
--
ALTER TABLE `user_queries`
  ADD PRIMARY KEY (`sr_no`);

--
-- AUTO_INCREMENT for dumped tables
--

--
-- AUTO_INCREMENT for table `admin_cred`
--
ALTER TABLE `admin_cred`
  MODIFY `sr_no` int(11) NOT NULL AUTO_INCREMENT, AUTO_INCREMENT=3;

--
-- AUTO_INCREMENT for table `booking_details`
--
ALTER TABLE `booking_details`
  MODIFY `sr_no` int(11) NOT NULL AUTO_INCREMENT, AUTO_INCREMENT=111;

--
-- AUTO_INCREMENT for table `booking_order`
--
ALTER TABLE `booking_order`
  MODIFY `booking_id` int(11) NOT NULL AUTO_INCREMENT, AUTO_INCREMENT=112;

--
-- AUTO_INCREMENT for table `carousel`
--
ALTER TABLE `carousel`
  MODIFY `sr_no` int(11) NOT NULL AUTO_INCREMENT, AUTO_INCREMENT=11;

--
-- AUTO_INCREMENT for table `contact_details`
--
ALTER TABLE `contact_details`
  MODIFY `sr_no` int(11) NOT NULL AUTO_INCREMENT, AUTO_INCREMENT=2;

--
-- AUTO_INCREMENT for table `facilities`
--
ALTER TABLE `facilities`
  MODIFY `id` int(11) NOT NULL AUTO_INCREMENT, AUTO_INCREMENT=20;

--
-- AUTO_INCREMENT for table `features`
--
ALTER TABLE `features`
  MODIFY `id` int(11) NOT NULL AUTO_INCREMENT, AUTO_INCREMENT=22;

--
-- AUTO_INCREMENT for table `rating_review`
--
ALTER TABLE `rating_review`
  MODIFY `sr_no` int(11) NOT NULL AUTO_INCREMENT, AUTO_INCREMENT=18;

--
-- AUTO_INCREMENT for table `rooms`
--
ALTER TABLE `rooms`
  MODIFY `id` int(11) NOT NULL AUTO_INCREMENT, AUTO_INCREMENT=9;

--
-- AUTO_INCREMENT for table `room_facilities`
--
ALTER TABLE `room_facilities`
  MODIFY `sr_no` int(11) NOT NULL AUTO_INCREMENT, AUTO_INCREMENT=78;

--
-- AUTO_INCREMENT for table `room_features`
--
ALTER TABLE `room_features`
  MODIFY `sr_no` int(11) NOT NULL AUTO_INCREMENT, AUTO_INCREMENT=57;

--
-- AUTO_INCREMENT for table `room_images`
--
ALTER TABLE `room_images`
  MODIFY `sr_no` int(11) NOT NULL AUTO_INCREMENT, AUTO_INCREMENT=35;

--
-- AUTO_INCREMENT for table `settings`
--
ALTER TABLE `settings`
  MODIFY `sr_no` int(11) NOT NULL AUTO_INCREMENT, AUTO_INCREMENT=2;

--
-- AUTO_INCREMENT for table `team_details`
--
ALTER TABLE `team_details`
  MODIFY `sr_no` int(11) NOT NULL AUTO_INCREMENT, AUTO_INCREMENT=17;

--
-- AUTO_INCREMENT for table `user_cred`
--
ALTER TABLE `user_cred`
  MODIFY `id` int(11) NOT NULL AUTO_INCREMENT, AUTO_INCREMENT=12;

--
-- AUTO_INCREMENT for table `user_queries`
--
ALTER TABLE `user_queries`
  MODIFY `sr_no` int(11) NOT NULL AUTO_INCREMENT, AUTO_INCREMENT=16;
COMMIT;

/*!40101 SET CHARACTER_SET_CLIENT=@OLD_CHARACTER_SET_CLIENT */;
/*!40101 SET CHARACTER_SET_RESULTS=@OLD_CHARACTER_SET_RESULTS */;
/*!40101 SET COLLATION_CONNECTION=@OLD_COLLATION_CONNECTION */;
